id,first_name,last_name,email,gender,ip_address
1,Ralf,Tumioto,rtumioto0@skype.com,Male,23.125.190.94
2,Feliks,Spillane,fspillane1@amazon.co.uk,Male,115.107.174.254
3,Barris,Howat,bhowat2@jiathis.com,Male,96.192.3.12
4,Angel,Eick,aeick3@home.pl,Female,96.77.36.105
5,Bradan,Poulsen,bpoulsen4@dell.com,Male,31.234.75.10
6,Verine,Berge,vberge5@yandex.ru,Female,180.112.49.204
7,Rees,Stannas,rstannas6@bigcartel.com,Male,12.68.177.188
8,Ches,Dutch,cdutch7@vistaprint.com,Male,145.199.125.234
9,Darb,Lindborg,dlindborg8@cdbaby.com,Female,4.142.173.216
10,Manfred,Hanscom,mhanscom9@nih.gov,Male,245.117.18.155
11,Brad,Acklands,backlandsa@theguardian.com,Male,133.223.56.113
12,Willard,Gouch,wgouchb@globo.com,Male,142.44.40.240
13,Joscelin,Baalham,jbaalhamc@oracle.com,Female,182.40.52.33
14,Nealy,Playdon,nplaydond@hubpages.com,Male,176.70.83.209
15,Ogdon,Sharply,osharplye@nature.com,Male,6.153.86.80
16,Pascale,McCumskay,pmccumskayf@intel.com,Male,170.63.174.98
17,Miran,Overy,moveryg@lycos.com,Female,102.176.157.85
18,Rocky,St. Hill,rsthillh@privacy.gov.au,Male,5.246.210.203
19,Anet,Springham,aspringhami@icq.com,Female,255.103.103.89
20,Tanney,Chicchelli,tchicchellij@com.com,Male,215.45.246.180
21,Sherlocke,Borrington,sborringtonk@aol.com,Male,195.108.242.42
22,Burtie,Vasilenko,bvasilenkol@yahoo.co.jp,Male,53.109.142.90
23,Ethelyn,Andryushin,eandryushinm@examiner.com,Female,34.154.77.220
24,Raffaello,Klezmski,rklezmskin@i2i.jp,Male,146.206.78.212
25,Gelya,Humerstone,ghumerstoneo@goo.gl,Female,152.135.161.108
26,Brinn,Crafter,bcrafterp@gnu.org,Female,8.208.186.247
27,Herbert,Furnival,hfurnivalq@illinois.edu,Male,192.36.26.72
28,Mordecai,Scrauniage,mscrauniager@netscape.com,Male,72.156.4.150
29,Angie,Bowne,abownes@ning.com,Female,215.171.200.104
30,Annadiana,Britnell,abritnellt@hibu.com,Female,194.86.73.203
31,Ginni,Melwall,gmelwallu@foxnews.com,Female,111.159.219.73
32,Judie,Headey,jheadeyv@infoseek.co.jp,Female,217.240.2.214
33,Flo,Christofides,fchristofidesw@salon.com,Female,111.11.128.64
34,Fredra,Carley,fcarleyx@weibo.com,Female,143.235.44.207
35,Darice,Twigge,dtwiggey@blogtalkradio.com,Female,229.220.12.52
36,Terry,Lambdon,tlambdonz@acquirethisname.com,Male,185.85.33.79
37,Ajay,Breddy,abreddy10@furl.net,Female,142.246.0.194
38,Ricky,Westhead,rwesthead11@hostgator.com,Male,66.61.182.93
39,Claiborn,Winsper,cwinsper12@oakley.com,Male,78.9.178.152
40,Huntley,Mcall,hmcall13@baidu.com,Male,128.218.198.217
41,Geoffry,Franssen,gfranssen14@macromedia.com,Male,232.209.155.245
42,Anya,Mcwhinney,amcwhinney15@sina.com.cn,Female,152.65.139.49
43,Elberta,Rymmer,erymmer16@columbia.edu,Female,71.43.53.49
44,Raff,Haseldine,rhaseldine17@mashable.com,Male,127.227.224.54
45,Linn,Belham,lbelham18@rakuten.co.jp,Male,60.72.60.97
46,Blondell,Surgood,bsurgood19@sciencedaily.com,Female,125.8.137.202
47,Dell,Tohill,dtohill1a@instagram.com,Male,77.139.219.84
48,Anatol,Dwane,adwane1b@census.gov,Male,142.109.213.247
49,Jourdan,Columbine,jcolumbine1c@go.com,Female,159.218.218.170
50,Seline,Marian,smarian1d@themeforest.net,Female,220.154.232.190
51,Aguste,Cuell,acuell1e@symantec.com,Male,54.66.29.106
52,Bealle,Panketh,bpanketh1f@utexas.edu,Male,110.59.242.119
53,Floria,Keets,fkeets1g@google.pl,Female,81.134.158.34
54,Rabbi,Rathbourne,rrathbourne1h@hud.gov,Male,18.75.29.118
55,Avrit,Fishby,afishby1i@technorati.com,Female,13.83.159.234
56,Ilario,Towns,itowns1j@feedburner.com,Male,85.187.242.7
57,Byrom,Standish,bstandish1k@networkadvertising.org,Male,57.248.84.124
58,Anna-maria,Nolan,anolan1l@friendfeed.com,Female,20.89.93.203
59,Elwin,Roxburgh,eroxburgh1m@artisteer.com,Male,149.75.0.156
60,Dolli,Sidlow,dsidlow1n@lulu.com,Female,79.176.134.227
61,Corilla,MacCartney,cmaccartney1o@timesonline.co.uk,Female,3.21.222.133
62,Jarrid,Ellerby,jellerby1p@mashable.com,Male,177.120.216.71
63,Erek,Tern,etern1q@hao123.com,Male,132.30.235.191
64,Raynard,Steddall,rsteddall1r@cam.ac.uk,Male,149.253.61.218
65,Jamil,Cockman,jcockman1s@howstuffworks.com,Male,22.58.162.140
66,Lindsy,Stubbeley,lstubbeley1t@economist.com,Female,121.68.153.87
67,Elton,Eadington,eeadington1u@cmu.edu,Male,94.92.225.231
68,Jameson,Bridgens,jbridgens1v@ameblo.jp,Male,88.155.55.227
69,Orelie,Fowells,ofowells1w@samsung.com,Female,200.57.156.82
70,Kelsey,Elies,kelies1x@soup.io,Male,129.216.9.255
71,Ashby,Vorley,avorley1y@webeden.co.uk,Male,70.182.90.175
72,Carita,Lobe,clobe1z@usatoday.com,Female,246.61.54.105
73,Dmitri,Trice,dtrice20@usgs.gov,Male,211.74.218.212
74,Elora,Mongain,emongain21@yelp.com,Female,80.24.199.163
75,Merell,Dagworthy,mdagworthy22@nps.gov,Male,227.208.47.214
76,Tabor,Huchot,thuchot23@deviantart.com,Male,69.192.192.202
77,Tallia,Palfree,tpalfree24@furl.net,Female,23.154.48.226
78,Idelle,Breckwell,ibreckwell25@aol.com,Female,182.150.188.16
79,Adelbert,Blaxall,ablaxall26@naver.com,Male,247.131.140.82
80,Jaymie,Huckel,jhuckel27@tuttocitta.it,Male,129.150.162.1
81,Meagan,Crepin,mcrepin28@elegantthemes.com,Female,201.247.213.255
82,Karina,Gouch,kgouch29@marriott.com,Female,73.114.35.212
83,Abbie,Abdey,aabdey2a@cbslocal.com,Male,255.90.198.45
84,Lonee,Brasener,lbrasener2b@yahoo.com,Female,154.37.191.120
85,Gianni,Philipsohn,gphilipsohn2c@cornell.edu,Male,121.70.9.8
86,Pat,Blackbourn,pblackbourn2d@1688.com,Male,27.42.121.144
87,Clarence,Giffen,cgiffen2e@arizona.edu,Male,81.48.33.216
88,Padget,Belt,pbelt2f@sogou.com,Male,107.241.94.193
89,Barth,Shildrick,bshildrick2g@engadget.com,Male,114.43.38.172
90,Donella,Atty,datty2h@intel.com,Female,205.167.26.75
91,Glory,Huffer,ghuffer2i@vk.com,Female,4.184.64.244
92,Terrie,McTeer,tmcteer2j@imageshack.us,Female,170.247.79.113
93,Wendie,Moreside,wmoreside2k@flavors.me,Female,202.30.244.159
94,Darcie,Pele,dpele2l@ox.ac.uk,Female,37.148.121.74
95,Jakie,Boissier,jboissier2m@yelp.com,Male,39.214.74.202
96,Irita,Linder,ilinder2n@deviantart.com,Female,102.58.93.74
97,Reynard,Neubigging,rneubigging2o@biglobe.ne.jp,Male,156.247.252.150
98,Viviene,Makinson,vmakinson2p@eepurl.com,Female,141.129.193.179
99,Mateo,Gahagan,mgahagan2q@intel.com,Male,139.184.254.27
100,Maureene,Simeoni,msimeoni2r@symantec.com,Female,197.54.189.60
101,Ewen,Laidlow,elaidlow2s@irs.gov,Male,191.238.117.5
102,Allegra,Hyndes,ahyndes2t@yahoo.co.jp,Female,46.92.56.134
103,Mario,Mollitt,mmollitt2u@harvard.edu,Male,20.113.66.209
104,Jimmie,Greenham,jgreenham2v@soup.io,Male,193.15.69.37
105,Mallory,Fantone,mfantone2w@amazon.de,Female,27.203.173.244
106,Brnaby,Froud,bfroud2x@tuttocitta.it,Male,253.5.37.170
107,Wiatt,Rathbourne,wrathbourne2y@elegantthemes.com,Male,13.189.137.54
108,Vi,Pratchett,vpratchett2z@imdb.com,Female,141.31.81.56
109,Antin,Pincott,apincott30@wired.com,Male,187.154.25.207
110,Bartolomeo,Bonhill,bbonhill31@slideshare.net,Male,181.43.26.243
111,Angel,Westney,awestney32@flickr.com,Female,24.43.29.239
112,Rosaline,Hagard,rhagard33@nasa.gov,Female,54.190.143.114
113,Alfonso,Trevon,atrevon34@gnu.org,Male,8.172.73.15
114,Morgana,Grinikhinov,mgrinikhinov35@stanford.edu,Female,57.137.50.230
115,Kin,Walden,kwalden36@prlog.org,Male,142.160.195.14
116,Roscoe,Brindley,rbrindley37@biglobe.ne.jp,Male,195.128.171.178
117,Minnie,Andover,mandover38@latimes.com,Female,159.165.236.29
118,Halsy,Ateridge,hateridge39@va.gov,Male,122.236.99.171
119,Shayne,Gatland,sgatland3a@chicagotribune.com,Female,54.155.225.166
120,Catherin,Othick,cothick3b@ycombinator.com,Female,114.168.204.245
121,Sofia,Saffran,ssaffran3c@nasa.gov,Female,84.3.116.8
122,Rafaela,Plumridege,rplumridege3d@mlb.com,Female,195.162.34.225
123,Menard,Summerskill,msummerskill3e@mediafire.com,Male,173.224.99.81
124,Taite,Darcy,tdarcy3f@imageshack.us,Male,45.152.108.49
125,Ruben,Gerrett,rgerrett3g@example.com,Male,43.251.74.200
126,Alphonse,Brauninger,abrauninger3h@privacy.gov.au,Male,17.35.119.195
127,Krystalle,Reisen,kreisen3i@theguardian.com,Female,240.56.51.193
128,Randi,Nehlsen,rnehlsen3j@statcounter.com,Male,173.131.141.148
129,Rawley,Beasley,rbeasley3k@xrea.com,Male,189.13.53.253
130,Selle,Sellstrom,ssellstrom3l@examiner.com,Female,177.217.42.35
131,Chic,Glencorse,cglencorse3m@umich.edu,Male,173.58.244.103
132,Ede,McLane,emclane3n@miibeian.gov.cn,Female,105.98.87.85
133,Colet,Stothart,cstothart3o@statcounter.com,Male,239.250.83.1
134,Ulberto,Broomfield,ubroomfield3p@dion.ne.jp,Male,235.233.112.152
135,Von,Greeno,vgreeno3q@wordpress.org,Male,89.222.91.107
136,Reuven,Reuble,rreuble3r@plala.or.jp,Male,96.40.214.223
137,Allie,Bittlestone,abittlestone3s@simplemachines.org,Female,190.190.76.145
138,Brendon,McCurlye,bmccurlye3t@cdc.gov,Male,186.223.163.163
139,Friederike,Bosenworth,fbosenworth3u@amazon.com,Female,182.74.89.171
140,Maison,Cavee,mcavee3v@livejournal.com,Male,100.68.192.184
141,Vinnie,Hugonnet,vhugonnet3w@angelfire.com,Male,90.102.126.178
142,Fabien,Favel,ffavel3x@cyberchimps.com,Male,152.119.98.18
143,Ursola,Stiger,ustiger3y@wikipedia.org,Female,222.140.79.253
144,Muriel,Aldgate,maldgate3z@latimes.com,Female,70.152.58.166
145,David,Schusterl,dschusterl40@webnode.com,Male,34.12.131.118
146,Keri,Syrie,ksyrie41@pagesperso-orange.fr,Female,255.178.65.112
147,Jo,Golder,jgolder42@miibeian.gov.cn,Female,131.104.152.35
148,Bat,Swainston,bswainston43@paginegialle.it,Male,247.19.232.136
149,Coral,Storrock,cstorrock44@youku.com,Female,82.231.205.166
150,Minne,Fancy,mfancy45@facebook.com,Female,210.81.244.19
151,Dalia,Langford,dlangford46@youku.com,Female,242.244.60.35
152,Cati,Stanyland,cstanyland47@google.co.jp,Female,101.247.0.39
153,Meredeth,Crummay,mcrummay48@mayoclinic.com,Male,204.34.12.76
154,Marcel,McNaughton,mmcnaughton49@engadget.com,Male,162.108.16.208
155,Rowena,Yantsev,ryantsev4a@diigo.com,Female,28.200.51.215
156,Otto,Aimable,oaimable4b@mail.ru,Male,240.192.127.119
157,Rorie,Dible,rdible4c@photobucket.com,Female,210.79.97.251
158,Abner,Goodredge,agoodredge4d@edublogs.org,Male,109.166.36.111
159,Brita,Handling,bhandling4e@fda.gov,Female,218.0.118.141
160,Hillery,Lucy,hlucy4f@drupal.org,Male,119.33.200.119
161,Midge,Battershall,mbattershall4g@elpais.com,Female,219.16.91.213
162,Drusie,Brugden,dbrugden4h@symantec.com,Female,156.164.234.243
163,Hershel,Clissell,hclissell4i@sourceforge.net,Male,219.235.183.56
164,Tonya,Rockhill,trockhill4j@smh.com.au,Female,244.33.117.87
165,Donetta,Teek,dteek4k@patch.com,Female,28.138.11.203
166,Margery,M'Chirrie,mmchirrie4l@hostgator.com,Female,180.203.131.255
167,Steffie,Rivenzon,srivenzon4m@lulu.com,Female,43.8.188.15
168,Muffin,Fothergill,mfothergill4n@oaic.gov.au,Male,41.96.94.98
169,Carney,Selway,cselway4o@cam.ac.uk,Male,53.111.47.79
170,Ranice,Gebhardt,rgebhardt4p@creativecommons.org,Female,215.220.98.195
171,Ilario,Massei,imassei4q@deviantart.com,Male,75.98.163.213
172,Flem,Humfrey,fhumfrey4r@archive.org,Male,109.134.186.95
173,Pebrook,Loughrey,ploughrey4s@dailymotion.com,Male,73.80.52.221
174,Glennis,Tredger,gtredger4t@tumblr.com,Female,190.99.136.254
175,Fergus,Truelove,ftruelove4u@hp.com,Male,195.59.88.95
176,Killie,Maddock,kmaddock4v@archive.org,Male,173.199.120.4
177,Annabell,Trewhitt,atrewhitt4w@dmoz.org,Female,96.152.33.71
178,Katlin,Gallahar,kgallahar4x@msn.com,Female,122.244.55.207
179,Sybille,McGreal,smcgreal4y@washington.edu,Female,214.169.67.173
180,Nikoletta,Trustram,ntrustram4z@mashable.com,Female,160.80.54.249
181,Zelig,Balnaves,zbalnaves50@dyndns.org,Male,195.116.16.100
182,Lyon,Lorden,llorden51@arstechnica.com,Male,240.138.212.91
183,Waylon,Edgson,wedgson52@indiegogo.com,Male,134.154.70.227
184,Hale,Filipic,hfilipic53@exblog.jp,Male,211.70.200.36
185,Gayleen,Clemmow,gclemmow54@typepad.com,Female,124.228.226.60
186,Rogers,Sandels,rsandels55@geocities.com,Male,28.13.11.34
187,Dee,Fernandez,dfernandez56@cnet.com,Female,83.173.128.118
188,Evy,McGarrell,emcgarrell57@gmpg.org,Female,1.182.202.59
189,Bron,Caudray,bcaudray58@usa.gov,Male,67.83.44.139
190,Jorge,Oggers,joggers59@mapquest.com,Male,183.94.58.210
191,Michelina,Treversh,mtreversh5a@histats.com,Female,252.39.231.240
192,Claire,Curran,ccurran5b@google.ru,Female,224.56.229.96
193,Alison,Whittam,awhittam5c@surveymonkey.com,Female,77.33.221.80
194,Bartel,Willmott,bwillmott5d@loc.gov,Male,181.246.130.238
195,Hobard,Nary,hnary5e@wufoo.com,Male,204.178.35.128
196,Sheffield,Fahey,sfahey5f@weather.com,Male,66.212.236.250
197,Kaycee,Mulmuray,kmulmuray5g@hatena.ne.jp,Female,84.197.13.75
198,Bendick,Ramet,bramet5h@wisc.edu,Male,25.135.176.221
199,Jennifer,Eltone,jeltone5i@wired.com,Female,54.85.104.228
200,Ashlie,Eatttok,aeatttok5j@opera.com,Female,0.190.209.244
201,Flin,Melato,fmelato5k@webmd.com,Male,160.142.84.225
202,Dacie,Dabner,ddabner5l@com.com,Female,97.226.255.133
203,Clerc,Kettley,ckettley5m@microsoft.com,Male,85.195.12.115
204,Norbert,Dysert,ndysert5n@mayoclinic.com,Male,191.228.11.62
205,Yule,Bothbie,ybothbie5o@mtv.com,Male,20.112.218.13
206,Coretta,Welland,cwelland5p@ezinearticles.com,Female,23.64.109.31
207,Burtie,Ullock,bullock5q@cafepress.com,Male,46.211.88.171
208,Filippo,Fear,ffear5r@fastcompany.com,Male,128.208.29.113
209,Yelena,Alkins,yalkins5s@friendfeed.com,Female,41.103.64.230
210,Adorne,Bess,abess5t@people.com.cn,Female,69.114.84.189
211,Selinda,Lodwick,slodwick5u@yahoo.co.jp,Female,248.114.204.67
212,Erhart,Pariss,epariss5v@xrea.com,Male,169.30.180.143
213,Wilt,Stronack,wstronack5w@posterous.com,Male,93.254.239.255
214,Roze,Mouatt,rmouatt5x@bigcartel.com,Female,165.98.114.25
215,Kean,Roebuck,kroebuck5y@flickr.com,Male,115.253.156.118
216,Olia,Bisset,obisset5z@senate.gov,Female,210.122.197.236
217,Orrin,Rawlings,orawlings60@ezinearticles.com,Male,165.38.52.217
218,Dirk,McCadden,dmccadden61@i2i.jp,Male,244.40.112.253
219,Bernice,Bassilashvili,bbassilashvili62@hostgator.com,Female,95.243.26.251
220,Ansley,Rawdall,arawdall63@rediff.com,Female,52.4.200.35
221,Esra,Lorand,elorand64@mapy.cz,Male,88.80.210.246
222,Cornelia,Billing,cbilling65@ebay.com,Female,159.194.221.125
223,Nessa,Ivashchenko,nivashchenko66@networksolutions.com,Female,80.52.97.38
224,Xena,Aloshkin,xaloshkin67@examiner.com,Female,11.112.190.109
225,Cyndie,Sperski,csperski68@twitpic.com,Female,99.13.22.213
226,Ruben,Blanden,rblanden69@baidu.com,Male,112.202.143.99
227,Rancell,Whiteson,rwhiteson6a@google.de,Male,110.28.18.247
228,Scot,Atkyns,satkyns6b@sciencedirect.com,Male,20.114.191.176
229,Xever,Dow,xdow6c@nationalgeographic.com,Male,168.125.62.192
230,Bridget,Goodliffe,bgoodliffe6d@123-reg.co.uk,Female,131.135.159.105
231,Lane,Fairpool,lfairpool6e@sciencedaily.com,Female,216.141.155.221
232,Reuven,Halliday,rhalliday6f@wiley.com,Male,183.204.5.111
233,Ashia,Martindale,amartindale6g@china.com.cn,Female,39.70.21.78
234,Pru,Esseby,pesseby6h@desdev.cn,Female,10.105.31.55
235,Mair,Kings,mkings6i@1688.com,Female,244.146.130.34
236,Felic,Bambury,fbambury6j@usda.gov,Male,215.1.60.37
237,Perri,Wace,pwace6k@vistaprint.com,Female,22.251.54.180
238,Marcelline,Chaise,mchaise6l@a8.net,Female,24.105.226.170
239,Vinnie,Scarlan,vscarlan6m@spotify.com,Female,139.54.116.55
240,Kristi,Kolinsky,kkolinsky6n@aboutads.info,Female,65.156.220.79
241,Bonita,Dellenty,bdellenty6o@elpais.com,Female,13.215.162.207
242,Kaleb,Langworthy,klangworthy6p@squarespace.com,Male,124.178.248.204
243,Hilario,Wiersma,hwiersma6q@bigcartel.com,Male,211.195.83.141
244,Dorry,Gaddas,dgaddas6r@paginegialle.it,Female,24.158.79.55
245,Arnoldo,Guidetti,aguidetti6s@pinterest.com,Male,75.176.237.240
246,Tine,Muddle,tmuddle6t@irs.gov,Female,93.181.230.137
247,Dierdre,Burnes,dburnes6u@earthlink.net,Female,226.169.241.5
248,Lucy,Sarch,lsarch6v@phpbb.com,Female,135.159.245.149
249,Ewan,Kydd,ekydd6w@oaic.gov.au,Male,65.232.131.211
250,Tallie,Kilner,tkilner6x@army.mil,Male,194.175.228.50
251,Lemar,Jobey,ljobey6y@dyndns.org,Male,148.178.83.47
252,Tanitansy,Bengle,tbengle6z@latimes.com,Female,234.48.40.22
253,Ferdinande,Blampied,fblampied70@zimbio.com,Female,119.159.101.24
254,Allx,Betancourt,abetancourt71@shinystat.com,Female,177.115.80.51
255,Dorita,Harris,dharris72@amazon.co.jp,Female,169.234.147.29
256,Clement,Loosmore,cloosmore73@ihg.com,Male,164.239.170.55
257,Cherilynn,Morrison,cmorrison74@nydailynews.com,Female,187.224.155.182
258,Rhett,Camerello,rcamerello75@goo.gl,Male,129.55.81.247
259,Rayner,Teresi,rteresi76@google.fr,Male,1.91.152.80
260,Tracie,Langfat,tlangfat77@google.com.hk,Male,89.187.175.73
261,Andris,Skingle,askingle78@reference.com,Male,135.155.33.120
262,Artie,Chown,achown79@mozilla.com,Male,29.96.199.27
263,Payton,Kembrey,pkembrey7a@goo.gl,Male,146.137.20.56
264,Camellia,Dobrovolny,cdobrovolny7b@cam.ac.uk,Female,130.213.157.253
265,Dallas,Theis,dtheis7c@cisco.com,Female,194.73.193.63
266,Barthel,Featley,bfeatley7d@printfriendly.com,Male,149.55.35.71
267,Valaree,Elia,velia7e@networkadvertising.org,Female,193.41.14.116
268,Rubi,Stanbrooke,rstanbrooke7f@discuz.net,Female,225.21.152.207
269,Arda,Sellek,asellek7g@instagram.com,Female,201.152.3.141
270,Kevon,Cowland,kcowland7h@ezinearticles.com,Male,7.5.107.30
271,Shalna,Blethin,sblethin7i@delicious.com,Female,195.159.168.71
272,Dean,Janiak,djaniak7j@wp.com,Male,30.129.69.139
273,Allie,Roundtree,aroundtree7k@shop-pro.jp,Male,35.58.177.142
274,Godfrey,Glen,gglen7l@amazon.com,Male,128.73.71.237
275,Leisha,Snarr,lsnarr7m@squarespace.com,Female,62.85.20.233
276,Antons,Fibben,afibben7n@pbs.org,Male,32.109.122.107
277,Chad,Hunnable,chunnable7o@prweb.com,Male,74.20.58.62
278,Gareth,Carren,gcarren7p@virginia.edu,Male,15.40.224.46
279,Brewer,Iczokvitz,biczokvitz7q@boston.com,Male,182.39.252.252
280,Matthias,Trounson,mtrounson7r@craigslist.org,Male,20.226.250.160
281,Binni,Ickowics,bickowics7s@google.de,Female,59.172.28.37
282,Raynard,Seebert,rseebert7t@pagesperso-orange.fr,Male,38.23.26.58
283,Cinda,Parry,cparry7u@usnews.com,Female,78.97.103.44
284,Elton,Bedbury,ebedbury7v@addthis.com,Male,81.66.92.222
285,Lou,Rosson,lrosson7w@acquirethisname.com,Female,58.214.106.48
286,Anna-diane,O'Lunny,aolunny7x@devhub.com,Female,123.45.49.219
287,Odilia,Cometto,ocometto7y@house.gov,Female,139.250.47.243
288,Julieta,Carnachen,jcarnachen7z@hc360.com,Female,112.70.115.253
289,Erich,Lipscomb,elipscomb80@wikispaces.com,Male,99.135.129.40
290,Antin,Rault,arault81@yellowbook.com,Male,136.127.70.167
291,Cara,Silson,csilson82@godaddy.com,Female,5.51.75.231
292,Olivie,Derr,oderr83@purevolume.com,Female,162.148.241.220
293,Krisha,Latore,klatore84@google.com.br,Male,40.33.148.76
294,Phaedra,Sansbury,psansbury85@nps.gov,Female,12.129.25.86
295,Hadley,O'Bradane,hobradane86@exblog.jp,Male,67.181.201.51
296,Irma,Chalfain,ichalfain87@squarespace.com,Female,44.76.211.41
297,Carmelina,Beszant,cbeszant88@nydailynews.com,Female,66.184.49.98
298,Lottie,Popplestone,lpopplestone89@slashdot.org,Female,250.230.250.74
299,Timmie,Lias,tlias8a@noaa.gov,Female,51.52.207.220
300,Ogdon,Edrich,oedrich8b@scribd.com,Male,119.99.255.56
301,Ari,Holyard,aholyard8c@eepurl.com,Male,35.189.209.70
302,Sadella,Orrobin,sorrobin8d@goodreads.com,Female,37.128.215.59
303,Foster,Wort,fwort8e@newsvine.com,Male,124.214.227.44
304,Elvin,Jouhandeau,ejouhandeau8f@hubpages.com,Male,153.95.54.65
305,Jeffry,Belham,jbelham8g@china.com.cn,Male,217.146.66.244
306,Suellen,Finden,sfinden8h@ustream.tv,Female,183.88.112.154
307,Truda,Jirak,tjirak8i@blogspot.com,Female,43.145.206.118
308,Brig,Omrod,bomrod8j@europa.eu,Male,171.114.147.238
309,Alene,Liebmann,aliebmann8k@dyndns.org,Female,72.214.80.239
310,Ives,Madison,imadison8l@baidu.com,Male,97.116.98.61
311,Elana,Byars,ebyars8m@free.fr,Female,155.190.25.20
312,Pete,Cowcha,pcowcha8n@slate.com,Male,11.69.83.85
313,Kimmie,Nolan,knolan8o@example.com,Female,66.225.187.170
314,Toiboid,Bentham,tbentham8p@nasa.gov,Male,104.162.107.85
315,Bennie,MacCrachen,bmaccrachen8q@yellowpages.com,Male,106.70.88.201
316,Nowell,Jedraszek,njedraszek8r@whitehouse.gov,Male,183.185.140.57
317,Ethyl,Eddow,eeddow8s@archive.org,Female,164.147.246.33
318,Shalna,Jaray,sjaray8t@google.nl,Female,236.130.188.98
319,Kandy,Couchman,kcouchman8u@csmonitor.com,Female,167.136.43.162
320,Codi,Belverstone,cbelverstone8v@techcrunch.com,Female,248.148.159.122
321,Maxy,Zapater,mzapater8w@constantcontact.com,Male,178.65.86.218
322,Doug,Benedidick,dbenedidick8x@pinterest.com,Male,12.45.4.255
323,Marin,Frosch,mfrosch8y@europa.eu,Female,44.232.245.191
324,Andie,Skoof,askoof8z@hhs.gov,Female,64.20.86.108
325,Aveline,Tanton,atanton90@gnu.org,Female,35.185.223.140
326,Antonin,Coombe,acoombe91@ask.com,Male,139.31.162.32
327,Mike,Kinkade,mkinkade92@arizona.edu,Male,81.118.57.236
328,Blancha,Kiddey,bkiddey93@jiathis.com,Female,4.156.19.203
329,Courtney,Cicchetto,ccicchetto94@xrea.com,Female,153.246.179.241
330,Felipe,Deetlefs,fdeetlefs95@dell.com,Male,228.181.86.73
331,Lyn,Mutimer,lmutimer96@quantcast.com,Female,145.55.10.21
332,Darbie,Carmel,dcarmel97@whitehouse.gov,Female,189.42.66.171
333,Koenraad,Schapero,kschapero98@spotify.com,Male,53.251.89.31
334,Celestia,Shard,cshard99@youtu.be,Female,36.104.18.72
335,Durand,Davinet,ddavinet9a@ted.com,Male,246.5.223.164
336,Ettore,Spatig,espatig9b@kickstarter.com,Male,202.16.10.21
337,Kimmy,Raunds,kraunds9c@japanpost.jp,Female,224.247.77.107
338,Kaitlynn,Snailham,ksnailham9d@apple.com,Female,73.52.92.95
339,Yevette,Zywicki,yzywicki9e@reuters.com,Female,113.215.59.120
340,Nevin,Daleman,ndaleman9f@technorati.com,Male,151.217.91.43
341,Obidiah,Mobbs,omobbs9g@blogger.com,Male,116.227.108.45
342,Debi,Munkley,dmunkley9h@unesco.org,Female,181.220.118.13
343,Hamilton,Rustan,hrustan9i@hhs.gov,Male,181.132.207.196
344,Berty,Esler,besler9j@cbsnews.com,Male,111.116.51.134
345,Marlin,Clover,mclover9k@newyorker.com,Male,221.88.75.249
346,Brenn,Hussy,bhussy9l@biglobe.ne.jp,Female,173.184.3.185
347,Becca,Selly,bselly9m@cafepress.com,Female,52.56.170.215
348,Filide,Lindenbluth,flindenbluth9n@gmpg.org,Female,170.14.224.144
349,Desirae,Shillingford,dshillingford9o@wikispaces.com,Female,22.237.115.59
350,Layton,Jennins,ljennins9p@illinois.edu,Male,222.129.121.138
351,Mathias,Hadfield,mhadfield9q@blogger.com,Male,74.99.104.94
352,Regan,Barbara,rbarbara9r@japanpost.jp,Male,4.134.240.243
353,Andrei,Stone,astone9s@wsj.com,Female,11.157.152.239
354,Charin,Harnwell,charnwell9t@statcounter.com,Female,186.22.255.126
355,Ruddy,Placide,rplacide9u@unesco.org,Male,243.36.164.242
356,Venus,Flockhart,vflockhart9v@amazon.com,Female,159.125.11.80
357,Godfrey,Rentcome,grentcome9w@google.pl,Male,44.158.35.37
358,Pennie,Scrooby,pscrooby9x@upenn.edu,Female,79.117.59.50
359,Binny,Stichall,bstichall9y@sitemeter.com,Female,77.36.10.85
360,Mikael,Doulden,mdoulden9z@usatoday.com,Male,209.157.232.128
361,Rossie,Slimming,rslimminga0@addthis.com,Male,202.139.109.117
362,Gayle,Roskruge,groskrugea1@examiner.com,Female,32.196.246.5
363,Frazer,Twomey,ftwomeya2@acquirethisname.com,Male,216.169.166.162
364,Leila,O'Cahill,locahilla3@china.com.cn,Female,186.233.245.1
365,Vidovik,Phlipon,vphlipona4@scientificamerican.com,Male,15.136.121.106
366,Correy,Oldall,coldalla5@behance.net,Male,188.247.225.142
367,Atalanta,Piercy,apiercya6@blogtalkradio.com,Female,155.47.114.78
368,Barrett,Rainsden,brainsdena7@de.vu,Male,118.31.234.95
369,Edouard,Choudhury,echoudhurya8@fc2.com,Male,192.86.31.37
370,Maegan,Beels,mbeelsa9@wunderground.com,Female,116.155.163.3
371,Theadora,Thoday,tthodayaa@webnode.com,Female,41.197.55.31
372,Tansy,Weekley,tweekleyab@craigslist.org,Female,72.25.120.214
373,Brittani,Gisbey,bgisbeyac@storify.com,Female,69.245.135.249
374,Kathleen,Ford,kfordad@odnoklassniki.ru,Female,219.131.44.194
375,Peterus,Perryn,pperrynae@google.ru,Male,99.0.155.42
376,Reeva,Moscone,rmosconeaf@hp.com,Female,223.102.197.71
377,Talbert,Aldcorn,taldcornag@google.com.au,Male,66.213.6.140
378,Kristien,O' Mullane,komullaneah@blogger.com,Female,84.80.233.20
379,Vanda,Lownes,vlownesai@ocn.ne.jp,Female,140.194.113.73
380,Ronny,Timblett,rtimblettaj@icq.com,Male,13.236.100.184
381,Nappy,Prescott,nprescottak@purevolume.com,Male,142.135.232.235
382,Tymothy,Bassil,tbassilal@bing.com,Male,104.178.175.47
383,Aprilette,Potkins,apotkinsam@vkontakte.ru,Female,66.13.72.37
384,Anastasia,McCosh,amccoshan@php.net,Female,70.246.30.239
385,Krisha,Conibere,kconibereao@scribd.com,Male,45.105.1.143
386,Ricky,Anand,ranandap@ycombinator.com,Male,200.124.108.13
387,Quincy,Cullingworth,qcullingworthaq@smh.com.au,Male,66.252.238.253
388,Nichol,Sandyford,nsandyfordar@marriott.com,Female,178.146.65.193
389,Randie,Golsworthy,rgolsworthyas@digg.com,Female,138.36.204.154
390,Nicole,McPike,nmcpikeat@unc.edu,Female,5.205.186.48
391,Orv,Cheetam,ocheetamau@tmall.com,Male,34.10.171.88
392,Torrin,Malby,tmalbyav@dailymotion.com,Male,63.109.103.177
393,Leonidas,Agar,lagaraw@cnet.com,Male,41.110.151.150
394,Salem,Coslett,scoslettax@flickr.com,Male,72.102.22.6
395,Sabrina,Winterson,swintersonay@noaa.gov,Female,227.181.219.148
396,Israel,Guilloton,iguillotonaz@discovery.com,Male,174.155.141.129
397,Emilia,Byrne,ebyrneb0@hexun.com,Female,206.191.31.185
398,Humbert,Cossell,hcossellb1@tuttocitta.it,Male,169.89.24.209
399,Rudie,Blaske,rblaskeb2@youtube.com,Male,123.167.126.28
400,Gabe,Bartkiewicz,gbartkiewiczb3@printfriendly.com,Male,248.133.0.4
401,Briggs,Runciman,bruncimanb4@redcross.org,Male,200.200.100.114
402,Ron,Dumke,rdumkeb5@godaddy.com,Male,223.62.89.249
403,Jessamine,Linne,jlinneb6@netvibes.com,Female,130.53.157.238
404,Monte,Shutte,mshutteb7@com.com,Male,219.139.179.115
405,Neille,Michele,nmicheleb8@miitbeian.gov.cn,Female,88.229.93.170
406,Cass,Loweth,clowethb9@narod.ru,Female,192.26.86.237
407,Maggee,Bleacher,mbleacherba@pbs.org,Female,120.45.174.10
408,Nikoletta,Nafziger,nnafzigerbb@tuttocitta.it,Female,197.201.95.15
409,Jeremiah,Bamling,jbamlingbc@usatoday.com,Male,108.196.5.16
410,Virgina,Abrahart,vabrahartbd@joomla.org,Female,213.25.51.88
411,Jewel,Biggerstaff,jbiggerstaffbe@nps.gov,Female,122.68.140.120
412,Virgilio,Yeardsley,vyeardsleybf@paypal.com,Male,203.212.251.65
413,Alida,Warn,awarnbg@sphinn.com,Female,213.154.84.62
414,Milty,Zanotti,mzanottibh@cafepress.com,Male,116.191.60.148
415,Galen,Cooke,gcookebi@google.de,Male,120.15.239.106
416,Krishnah,Beldom,kbeldombj@csmonitor.com,Male,31.63.158.99
417,Bentley,Chatt,bchattbk@w3.org,Male,218.254.248.170
418,Kellia,Grannell,kgrannellbl@telegraph.co.uk,Female,20.169.89.212
419,Heriberto,Habble,hhabblebm@sakura.ne.jp,Male,170.157.188.41
420,Suzann,Di Dello,sdidellobn@bizjournals.com,Female,50.171.242.137
421,Rosina,Bagniuk,rbagniukbo@csmonitor.com,Female,70.219.140.41
422,Ladonna,Shalloe,lshalloebp@ucsd.edu,Female,142.20.130.180
423,Tory,Kitchinghan,tkitchinghanbq@prlog.org,Female,200.76.87.254
424,Lori,Bampford,lbampfordbr@omniture.com,Female,107.160.73.29
425,Anissa,Spragge,aspraggebs@skype.com,Female,101.180.166.158
426,Greg,Benns,gbennsbt@weather.com,Male,135.171.249.219
427,Abbott,Lainton,alaintonbu@ning.com,Male,66.82.203.213
428,Lutero,Olczyk,lolczykbv@cyberchimps.com,Male,247.114.35.32
429,Gibb,Coling,gcolingbw@arstechnica.com,Male,161.1.156.230
430,Cristal,McWaters,cmcwatersbx@nhs.uk,Female,166.226.217.67
431,Locke,Gasker,lgaskerby@1und1.de,Male,149.117.14.231
432,Idell,Powrie,ipowriebz@freewebs.com,Female,235.50.59.114
433,Ivett,Treacher,itreacherc0@mayoclinic.com,Female,88.177.252.118
434,Egor,Cypler,ecyplerc1@alexa.com,Male,166.121.129.218
435,Ritchie,Whartonby,rwhartonbyc2@japanpost.jp,Male,241.235.1.100
436,Ber,Budd,bbuddc3@blinklist.com,Male,64.92.140.155
437,Brittany,Bawden,bbawdenc4@upenn.edu,Female,233.59.23.254
438,Bab,Kleyn,bkleync5@noaa.gov,Female,225.159.82.243
439,Jud,Chue,jchuec6@comsenz.com,Male,46.197.97.107
440,Cristie,Klimmek,cklimmekc7@ning.com,Female,121.138.182.217
441,Val,Filipyev,vfilipyevc8@sakura.ne.jp,Female,34.85.62.141
442,Uta,Deignan,udeignanc9@parallels.com,Female,22.6.23.47
443,Shannah,Sailor,ssailorca@amazon.com,Female,140.243.232.236
444,L;urette,Gage,lgagecb@cpanel.net,Female,100.11.95.101
445,Odella,McManamen,omcmanamencc@photobucket.com,Female,237.62.116.251
446,Gilligan,Tidswell,gtidswellcd@deliciousdays.com,Female,251.152.72.59
447,Herbert,Glowacha,hglowachace@goodreads.com,Male,154.53.7.37
448,Jodie,Quiddinton,jquiddintoncf@reverbnation.com,Male,26.241.110.161
449,Sharla,Gaudin,sgaudincg@liveinternet.ru,Female,90.35.186.245
450,Beale,Tankus,btankusch@4shared.com,Male,225.187.140.102
451,Harv,Brittian,hbrittianci@sciencedirect.com,Male,103.134.180.209
452,Barth,Christofol,bchristofolcj@technorati.com,Male,201.174.178.19
453,Lindon,Westwater,lwestwaterck@theguardian.com,Male,229.97.35.170
454,Suzy,Enderson,sendersoncl@etsy.com,Female,209.167.12.7
455,Chick,Bingle,cbinglecm@ucsd.edu,Male,140.217.77.146
456,Nicoline,Mudle,nmudlecn@google.it,Female,116.156.124.45
457,Blancha,Aveson,bavesonco@163.com,Female,50.131.61.24
458,Abagail,Skull,askullcp@nyu.edu,Female,30.34.77.116
459,Federico,Rolingson,frolingsoncq@virginia.edu,Male,33.89.193.124
460,Seth,Kynaston,skynastoncr@github.com,Male,225.235.168.137
461,Merline,Doret,mdoretcs@etsy.com,Female,42.143.137.222
462,Trevar,Randales,trandalesct@java.com,Male,254.174.192.138
463,Lukas,Ascroft,lascroftcu@shareasale.com,Male,147.233.118.95
464,Darnell,Dello,ddellocv@mayoclinic.com,Male,111.154.85.10
465,Delphinia,Farey,dfareycw@theguardian.com,Female,31.67.136.19
466,Roseline,Simoni,rsimonicx@bandcamp.com,Female,152.163.37.137
467,Brinna,Reily,breilycy@networkadvertising.org,Female,250.102.93.193
468,Graehme,Dickenson,gdickensoncz@instagram.com,Male,30.214.193.21
469,Lebbie,Beadles,lbeadlesd0@patch.com,Female,169.144.128.10
470,Jordan,Lapslie,jlapslied1@bloglovin.com,Female,226.116.65.222
471,Phyllida,Lambourne,plambourned2@51.la,Female,247.39.109.80
472,Zilvia,Torrie,ztorried3@un.org,Female,44.84.169.236
473,Caritta,Boyle,cboyled4@ucoz.com,Female,48.6.88.246
474,Robinett,Conaghy,rconaghyd5@tinypic.com,Female,21.41.122.198
475,Arv,Eede,aeeded6@youku.com,Male,17.128.154.42
476,Dallas,Linch,dlinchd7@mozilla.org,Male,85.56.187.196
477,Ginger,Tuting,gtutingd8@odnoklassniki.ru,Female,187.51.242.189
478,Cornell,Brickner,cbricknerd9@amazon.com,Male,45.55.26.58
479,Hew,Cansdall,hcansdallda@soundcloud.com,Male,48.78.219.132
480,Ric,Elcoux,relcouxdb@timesonline.co.uk,Male,28.46.135.112
481,Selma,Brasier,sbrasierdc@about.me,Female,113.80.104.132
482,Dani,Lavall,dlavalldd@google.co.jp,Male,37.91.173.75
483,Garvy,Jore,gjorede@gravatar.com,Male,110.165.233.22
484,Meier,Hamlet,mhamletdf@lycos.com,Male,213.148.61.59
485,Hastie,Segar,hsegardg@uol.com.br,Male,15.71.18.66
486,Allx,Crabb,acrabbdh@wired.com,Female,132.7.15.160
487,Justus,Hodge,jhodgedi@purevolume.com,Male,14.97.229.239
488,Justino,Scott,jscottdj@businesswire.com,Male,107.68.88.243
489,Evelin,Hovenden,ehovendendk@smh.com.au,Male,110.25.204.59
490,Geraldine,Foottit,gfoottitdl@weebly.com,Female,211.228.29.24
491,Stu,Jeacock,sjeacockdm@wufoo.com,Male,57.107.126.163
492,Kimberli,Hooban,khoobandn@phoca.cz,Female,73.65.255.179
493,Zach,Illingsworth,zillingsworthdo@csmonitor.com,Male,84.0.58.142
494,Sallie,Fender,sfenderdp@so-net.ne.jp,Female,225.127.95.136
495,Staford,Pennycuick,spennycuickdq@bbc.co.uk,Male,165.198.173.135
496,Gannie,Trustie,gtrustiedr@biglobe.ne.jp,Male,39.124.41.77
497,Jeremias,Rennison,jrennisonds@youku.com,Male,22.76.211.253
498,Meta,O'Mullally,momullallydt@hhs.gov,Female,168.224.191.184
499,Lammond,Daveridge,ldaveridgedu@unblog.fr,Male,197.139.104.115
500,Spike,Niesegen,sniesegendv@imageshack.us,Male,26.233.137.169
501,Jo-ann,Ussher,jussherdw@mtv.com,Female,74.72.170.108
502,Montgomery,Petruk,mpetrukdx@mapy.cz,Male,221.88.68.88
503,Ari,Penfold,apenfolddy@canalblog.com,Male,185.160.34.36
504,Jason,McLellan,jmclellandz@msu.edu,Male,141.192.84.61
505,Simmonds,Lode,slodee0@cmu.edu,Male,234.29.54.212
506,Gil,Goucher,ggouchere1@wunderground.com,Male,45.72.132.146
507,Sherri,Harbar,sharbare2@1688.com,Female,124.89.184.14
508,Rice,Georgot,rgeorgote3@dagondesign.com,Male,208.249.129.235
509,Kaia,Dachs,kdachse4@dot.gov,Female,96.108.14.130
510,Abramo,Yerson,ayersone5@wisc.edu,Male,166.10.136.198
511,Job,Dunleavy,jdunleavye6@booking.com,Male,61.76.74.239
512,Ula,Ponder,upondere7@cocolog-nifty.com,Female,43.109.150.171
513,Basilius,Swaisland,bswaislande8@cargocollective.com,Male,204.65.114.209
514,Sasha,Dawkes,sdawkese9@liveinternet.ru,Male,213.137.31.159
515,Brianna,Tissiman,btissimanea@mapquest.com,Female,242.80.63.82
516,Leopold,Kittiman,lkittimaneb@technorati.com,Male,198.36.253.50
517,Alain,Varlow,avarlowec@vistaprint.com,Male,229.209.88.82
518,Nigel,Nolot,nnoloted@cnbc.com,Male,14.168.239.105
519,Merv,Gatland,mgatlandee@nature.com,Male,189.106.183.189
520,Avery,Grimsdith,agrimsdithef@phpbb.com,Male,253.73.63.171
521,Shell,Boeter,sboetereg@jugem.jp,Male,48.23.196.192
522,Clarinda,Foulds,cfouldseh@cam.ac.uk,Female,104.226.165.127
523,Alys,Branchet,abranchetei@rediff.com,Female,210.152.63.199
524,Burgess,Wetherhead,bwetherheadej@usgs.gov,Male,105.126.191.113
525,Jenelle,Tytcomb,jtytcombek@studiopress.com,Female,66.91.77.16
526,Fredericka,Cullrford,fcullrfordel@deviantart.com,Female,59.127.74.241
527,Guntar,Campo,gcampoem@php.net,Male,114.83.156.208
528,Ebeneser,Pinner,epinneren@cafepress.com,Male,104.125.244.172
529,Zachary,Le Gall,zlegalleo@mac.com,Male,120.187.165.31
530,Oliver,Montford,omontfordep@google.ru,Male,170.113.12.85
531,Kai,Brugman,kbrugmaneq@examiner.com,Female,135.202.144.144
532,Saw,Handrok,shandroker@ameblo.jp,Male,163.159.60.0
533,Elaina,Beauvais,ebeauvaises@businessinsider.com,Female,215.127.246.92
534,Hedi,Sworder,hsworderet@mysql.com,Female,72.10.109.99
535,Mil,Booij,mbooijeu@japanpost.jp,Female,0.171.88.122
536,Toby,Harrap,tharrapev@abc.net.au,Male,59.168.157.125
537,Egor,Godden,egoddenew@tamu.edu,Male,238.172.35.52
538,Cyril,Assur,cassurex@imgur.com,Male,134.250.204.201
539,Raphael,Sawell,rsawelley@xing.com,Male,217.135.247.163
540,Ailey,Troker,atrokerez@guardian.co.uk,Female,218.52.0.135
541,Charlean,Hubbart,chubbartf0@bloglovin.com,Female,45.5.163.128
542,Cliff,O'Ruane,coruanef1@census.gov,Male,207.179.112.222
543,Helaine,Mapp,hmappf2@dion.ne.jp,Female,7.57.152.214
544,Cherilynn,Cornbill,ccornbillf3@alibaba.com,Female,158.136.83.144
545,Lanna,Struis,lstruisf4@furl.net,Female,120.160.235.137
546,Gianina,Harroll,gharrollf5@eventbrite.com,Female,33.218.29.145
547,Kial,Bathowe,kbathowef6@icq.com,Female,112.99.91.204
548,Flory,Goodright,fgoodrightf7@china.com.cn,Male,108.126.220.121
549,Constantine,Sprowles,csprowlesf8@auda.org.au,Male,84.54.252.173
550,Anissa,Couroy,acouroyf9@surveymonkey.com,Female,17.18.67.217
551,Vallie,Orans,voransfa@bravesites.com,Female,139.25.130.75
552,Kathleen,Sheeres,ksheeresfb@slideshare.net,Female,153.227.57.109
553,Walsh,Care,wcarefc@nba.com,Male,94.93.70.172
554,Jandy,Matthewes,jmatthewesfd@edublogs.org,Female,148.145.21.86
555,Megen,Corinton,mcorintonfe@51.la,Female,14.78.115.230
556,Carena,Roddan,croddanff@examiner.com,Female,195.122.3.211
557,Donnie,Bristoe,dbristoefg@plala.or.jp,Female,219.144.50.83
558,Brade,Jepps,bjeppsfh@xrea.com,Male,72.50.2.109
559,Gradeigh,Hugill,ghugillfi@goodreads.com,Male,166.126.121.192
560,Salomon,Anstie,sanstiefj@g.co,Male,107.204.59.142
561,Case,Hassent,chassentfk@istockphoto.com,Male,210.37.199.202
562,Leanna,Targett,ltargettfl@ca.gov,Female,60.92.154.178
563,Jayme,Gorger,jgorgerfm@cdbaby.com,Male,85.137.236.165
564,Monah,Galey,mgaleyfn@geocities.jp,Female,231.139.47.127
565,Kimbell,Battyll,kbattyllfo@mysql.com,Male,160.87.121.217
566,Baillie,Le Bosse,blebossefp@yellowbook.com,Male,194.230.150.118
567,Sue,Vivian,svivianfq@cdbaby.com,Female,41.42.56.203
568,Janeen,De Carlo,jdecarlofr@businesswire.com,Female,72.109.5.63
569,Saw,Phibb,sphibbfs@wunderground.com,Male,24.220.108.178
570,Stephine,Threadkell,sthreadkellft@irs.gov,Female,10.42.88.160
571,Sela,Eden,sedenfu@deviantart.com,Female,234.183.186.51
572,Giffard,Petford,gpetfordfv@phpbb.com,Male,12.151.60.254
573,Cross,Denisard,cdenisardfw@liveinternet.ru,Male,11.250.180.112
574,Tobye,Medcalfe,tmedcalfefx@facebook.com,Female,73.138.163.98
575,Kaile,Hindrich,khindrichfy@xinhuanet.com,Female,19.18.90.143
576,Geoffry,Pirelli,gpirellifz@mediafire.com,Male,234.235.19.134
577,Max,Trangmar,mtrangmarg0@chron.com,Female,86.135.217.183
578,Evvie,Paynter,epaynterg1@infoseek.co.jp,Female,9.100.185.103
579,Tasha,Reape,treapeg2@tripadvisor.com,Female,176.205.111.246
580,Brett,Dodamead,bdodameadg3@github.com,Male,211.175.210.235
581,Andres,Tregona,atregonag4@mapy.cz,Male,54.131.133.0
582,Orly,Teasdale,oteasdaleg5@apache.org,Female,135.39.249.191
583,Suki,Brydon,sbrydong6@blogspot.com,Female,62.126.148.169
584,Roderigo,Snalom,rsnalomg7@goo.gl,Male,190.246.20.87
585,Rob,Murdoch,rmurdochg8@eventbrite.com,Male,164.91.53.145
586,Pennie,Martlew,pmartlewg9@time.com,Female,213.20.87.103
587,Grange,Sebring,gsebringga@nhs.uk,Male,178.92.185.59
588,Nikkie,Vaugham,nvaughamgb@tiny.cc,Female,175.175.204.191
589,Verla,Hurrion,vhurriongc@hostgator.com,Female,5.91.19.180
590,Beck,Nertney,bnertneygd@umich.edu,Male,231.41.109.252
591,Andi,O' Scallan,aoscallange@blogs.com,Female,99.157.182.2
592,Zora,Yashanov,zyashanovgf@yandex.ru,Female,175.250.190.222
593,Gill,Hegge,gheggegg@squidoo.com,Female,103.255.151.101
594,Wye,Aubry,waubrygh@dailymail.co.uk,Male,135.179.255.165
595,Lancelot,Ellery,lellerygi@jimdo.com,Male,39.209.217.213
596,Sheree,MacPadene,smacpadenegj@hud.gov,Female,160.245.2.109
597,Elyse,Moncrefe,emoncrefegk@naver.com,Female,184.3.149.199
598,Colman,Daunter,cdauntergl@printfriendly.com,Male,67.24.131.201
599,Che,Millichip,cmillichipgm@dell.com,Male,213.152.78.101
600,Gawen,Daviot,gdaviotgn@drupal.org,Male,199.61.60.60
601,Mariana,Laytham,mlaythamgo@flavors.me,Female,42.99.39.76
602,Bale,Bettlestone,bbettlestonegp@technorati.com,Male,169.61.194.101
603,Stinky,Purches,spurchesgq@usnews.com,Male,120.113.205.169
604,Rubia,Kitchingham,rkitchinghamgr@myspace.com,Female,176.50.178.114
605,Melisandra,Kelway,mkelwaygs@miibeian.gov.cn,Female,179.44.155.59
606,Carl,Lidstone,clidstonegt@opensource.org,Male,164.71.5.42
607,Antonius,Jorcke,ajorckegu@go.com,Male,42.100.154.27
608,Shani,Bourchier,sbourchiergv@weibo.com,Female,12.196.187.198
609,Matilde,de Quesne,mdequesnegw@arstechnica.com,Female,142.8.34.187
610,Tana,Bernth,tbernthgx@skype.com,Female,36.145.155.251
611,Floyd,Kearn,fkearngy@miitbeian.gov.cn,Male,50.225.69.200
612,Harlan,Dible,hdiblegz@google.es,Male,16.147.93.99
613,Tedd,McLaren,tmclarenh0@earthlink.net,Male,195.148.138.84
614,Georgie,Haldane,ghaldaneh1@ucsd.edu,Male,40.192.161.45
615,Blanch,Cansdale,bcansdaleh2@blogtalkradio.com,Female,83.187.21.164
616,Willy,Kigelman,wkigelmanh3@barnesandnoble.com,Female,199.20.187.205
617,Cristina,MacCurtain,cmaccurtainh4@meetup.com,Female,84.213.240.20
618,Inglebert,Buttfield,ibuttfieldh5@naver.com,Male,68.85.114.55
619,Kellen,Saph,ksaphh6@adobe.com,Male,247.5.202.152
620,Livy,Tench,ltenchh7@amazon.co.uk,Female,9.11.40.32
621,Shaylyn,Loomes,sloomesh8@vkontakte.ru,Female,86.189.72.106
622,Phaedra,McInally,pmcinallyh9@multiply.com,Female,7.78.183.113
623,Vina,Yokley,vyokleyha@dell.com,Female,169.79.248.134
624,Carissa,Refford,creffordhb@merriam-webster.com,Female,109.232.66.15
625,Claudelle,Cremin,ccreminhc@squarespace.com,Female,74.16.241.167
626,Dewie,Comettoi,dcomettoihd@jigsy.com,Male,118.160.161.75
627,Rona,Sharer,rsharerhe@ocn.ne.jp,Female,235.161.133.45
628,Arlan,Bartrum,abartrumhf@nps.gov,Male,157.92.17.159
629,Guendolen,Erik,gerikhg@state.gov,Female,152.193.223.232
630,Carlynne,Okroy,cokroyhh@miitbeian.gov.cn,Female,253.10.18.23
631,Amye,Mulderrig,amulderrighi@vinaora.com,Female,168.77.22.161
632,Alla,Trembath,atrembathhj@acquirethisname.com,Female,18.134.86.229
633,Shurlock,Dunks,sdunkshk@rambler.ru,Male,238.135.123.18
634,Patricio,Lisamore,plisamorehl@psu.edu,Male,229.25.188.172
635,Krispin,Adame,kadamehm@discuz.net,Male,160.18.239.183
636,Drusie,Kennsley,dkennsleyhn@issuu.com,Female,235.34.115.239
637,Penelope,Raimbauld,praimbauldho@hexun.com,Female,138.72.252.222
638,Wren,Mapholm,wmapholmhp@deviantart.com,Female,248.177.134.225
639,Fairfax,Jozefiak,fjozefiakhq@latimes.com,Male,237.247.52.231
640,Adolph,Grgic,agrgichr@digg.com,Male,169.197.64.193
641,Evaleen,Geffinger,egeffingerhs@posterous.com,Female,16.167.171.180
642,Sande,Burdin,sburdinht@ucsd.edu,Female,29.7.53.13
643,Dalston,MacSwayde,dmacswaydehu@vimeo.com,Male,191.214.10.219
644,Penny,Bullin,pbullinhv@dot.gov,Female,213.71.234.218
645,Whitney,Vayro,wvayrohw@nih.gov,Female,188.198.171.209
646,Bartholemy,Picken,bpickenhx@google.cn,Male,90.46.35.48
647,Brigid,Charley,bcharleyhy@vistaprint.com,Female,243.227.67.228
648,Lyndsay,Grenkov,lgrenkovhz@mlb.com,Female,246.15.123.226
649,Dynah,MacGibbon,dmacgibboni0@disqus.com,Female,54.136.120.16
650,Correy,Tugwell,ctugwelli1@hexun.com,Male,106.145.187.95
651,Diena,Marfe,dmarfei2@xrea.com,Female,81.111.76.253
652,Ree,Vedstra,rvedstrai3@hatena.ne.jp,Female,190.147.6.128
653,Frasquito,Sexty,fsextyi4@scientificamerican.com,Male,93.89.184.232
654,Chrissie,Metherell,cmetherelli5@wikipedia.org,Female,39.170.212.238
655,Basilius,Tunmore,btunmorei6@wufoo.com,Male,13.27.204.243
656,Sada,Canellas,scanellasi7@irs.gov,Female,246.3.10.144
657,Briggs,Hallford,bhallfordi8@1688.com,Male,83.21.231.32
658,Corette,Ateridge,cateridgei9@stanford.edu,Female,233.91.102.68
659,Jillene,Scarce,jscarceia@unesco.org,Female,19.57.17.232
660,Hynda,Fussen,hfussenib@huffingtonpost.com,Female,6.85.163.114
661,Adorne,Blagbrough,ablagbroughic@canalblog.com,Female,154.242.127.237
662,Elga,Parish,eparishid@ft.com,Female,38.218.34.199
663,Arte,Poulston,apoulstonie@dot.gov,Male,194.199.38.88
664,Pavla,Zimmerman,pzimmermanif@goodreads.com,Female,52.252.157.106
665,Evelyn,Kembery,ekemberyig@meetup.com,Male,177.134.134.69
666,Leia,Kinahan,lkinahanih@about.me,Female,227.146.147.249
667,Brion,Theurer,btheurerii@about.com,Male,10.31.222.99
668,Adoree,Birth,abirthij@wikipedia.org,Female,118.83.191.190
669,Alberto,Mollon,amollonik@instagram.com,Male,49.63.211.36
670,Lolita,Davidsohn,ldavidsohnil@phoca.cz,Female,26.129.54.234
671,Alvy,Wateridge,awateridgeim@angelfire.com,Male,17.53.130.166
672,Dayna,Cone,dconein@smh.com.au,Female,35.127.172.166
673,Donnamarie,Shreeves,dshreevesio@booking.com,Female,67.187.211.16
674,Lars,Newall,lnewallip@google.es,Male,5.25.38.171
675,Cyndy,Woolnough,cwoolnoughiq@xing.com,Female,105.81.185.249
676,Stacy,Ferraron,sferraronir@washington.edu,Male,246.213.34.74
677,Timotheus,Guidelli,tguidelliis@weebly.com,Male,138.60.120.244
678,Bren,Reddel,breddelit@upenn.edu,Male,61.64.116.131
679,Sherye,Hindenburg,shindenburgiu@hibu.com,Female,177.208.13.123
680,Robinet,Stimson,rstimsoniv@sitemeter.com,Female,159.166.158.55
681,Archer,Kubes,akubesiw@bloglines.com,Male,216.47.192.16
682,Harwell,Corhard,hcorhardix@sourceforge.net,Male,79.205.138.210
683,Nonna,Tongue,ntongueiy@latimes.com,Female,4.22.36.31
684,Jorgan,Bredes,jbredesiz@google.it,Male,108.8.125.172
685,Robinet,Vasilchenko,rvasilchenkoj0@amazonaws.com,Male,131.123.165.84
686,Wells,Ballham,wballhamj1@cloudflare.com,Male,83.107.1.14
687,Ibrahim,Wixey,iwixeyj2@ameblo.jp,Male,197.37.177.190
688,Kassandra,Olwen,kolwenj3@etsy.com,Female,118.241.62.178
689,Annelise,Petcher,apetcherj4@163.com,Female,54.198.19.230
690,Vite,Villalta,vvillaltaj5@joomla.org,Male,241.51.165.202
691,Billi,Belverstone,bbelverstonej6@fc2.com,Female,217.165.145.128
692,Walker,Tresvina,wtresvinaj7@mtv.com,Male,141.121.197.244
693,York,McGrouther,ymcgroutherj8@dagondesign.com,Male,196.75.17.113
694,Kale,Robbeke,krobbekej9@blogspot.com,Male,178.243.172.31
695,Spenser,Gotts,sgottsja@youku.com,Male,153.121.226.184
696,Trude,Le Franc,tlefrancjb@amazon.co.jp,Female,212.79.145.188
697,Fara,Fawson,ffawsonjc@joomla.org,Female,127.24.142.43
698,Diego,Kentish,dkentishjd@discuz.net,Male,24.24.205.18
699,Llywellyn,Marzella,lmarzellaje@wikimedia.org,Male,11.65.90.200
700,Jackelyn,Reijmers,jreijmersjf@xrea.com,Female,249.46.64.163
701,Shaina,Franzettoini,sfranzettoinijg@smh.com.au,Female,26.89.120.240
702,Griswold,Roddan,groddanjh@lulu.com,Male,40.94.34.211
703,Theresina,De Filippi,tdefilippiji@cisco.com,Female,91.188.223.98
704,Patten,Lievesley,plievesleyjj@google.de,Male,36.44.175.233
705,Herman,Brannon,hbrannonjk@utexas.edu,Male,248.136.71.228
706,Gasparo,Legonidec,glegonidecjl@virginia.edu,Male,7.202.191.146
707,Joey,Van Salzberger,jvansalzbergerjm@bbb.org,Male,254.93.5.191
708,Darnell,Dunstall,ddunstalljn@shareasale.com,Male,212.144.67.189
709,Georgi,Kenrat,gkenratjo@huffingtonpost.com,Male,217.81.50.45
710,Osmund,Bradburn,obradburnjp@paginegialle.it,Male,210.80.228.143
711,Weidar,Lyburn,wlyburnjq@skype.com,Male,131.91.75.182
712,Daisey,Redhead,dredheadjr@mysql.com,Female,1.5.34.229
713,Dre,Fernie,dferniejs@biblegateway.com,Female,118.233.105.176
714,Harwilll,Mariotte,hmariottejt@japanpost.jp,Male,145.91.45.79
715,Van,Brookshaw,vbrookshawju@dailymotion.com,Male,74.164.217.74
716,Adriana,Whiston,awhistonjv@apache.org,Female,99.19.255.36
717,Nollie,Blazic,nblazicjw@cyberchimps.com,Male,158.221.150.123
718,Hazel,Boyan,hboyanjx@patch.com,Female,190.232.33.223
719,Camile,Southam,csouthamjy@dmoz.org,Female,175.87.179.79
720,Nikki,Brandham,nbrandhamjz@360.cn,Female,152.105.78.123
721,Port,Bellison,pbellisonk0@nba.com,Male,57.105.13.94
722,Juli,Baskerfield,jbaskerfieldk1@creativecommons.org,Female,11.109.75.246
723,Lindsay,Sutheran,lsutherank2@privacy.gov.au,Female,123.78.74.89
724,Lev,Leile,lleilek3@google.nl,Male,49.73.192.55
725,Carmelita,Brimley,cbrimleyk4@freewebs.com,Female,11.236.162.55
726,Daune,Esposito,despositok5@nih.gov,Female,143.194.86.56
727,Reese,Roddie,rroddiek6@free.fr,Male,77.247.119.72
728,Johannes,Bassilashvili,jbassilashvilik7@paypal.com,Male,121.146.117.25
729,Marci,Arnolds,marnoldsk8@forbes.com,Female,191.215.199.180
730,Ali,Kose,akosek9@amazon.com,Male,115.157.87.157
731,Der,Vokins,dvokinska@virginia.edu,Male,84.102.94.65
732,Seumas,Lindmark,slindmarkkb@phoca.cz,Male,67.77.244.250
733,Marchall,Arghent,marghentkc@example.com,Male,204.154.226.3
734,Veda,Bradburn,vbradburnkd@naver.com,Female,141.197.71.28
735,Georas,Jeste,gjesteke@hatena.ne.jp,Male,56.36.74.26
736,Cooper,Huish,chuishkf@spotify.com,Male,227.195.230.1
737,Antonio,Lavis,alaviskg@imageshack.us,Male,176.238.88.13
738,Daniel,Larimer,dlarimerkh@bigcartel.com,Male,125.96.7.75
739,Christye,Meads,cmeadski@plala.or.jp,Female,92.80.227.211
740,Colman,Yannikov,cyannikovkj@usda.gov,Male,4.37.150.235
741,Rosalia,Duncanson,rduncansonkk@indiatimes.com,Female,173.61.89.172
742,Graehme,Arnaudot,garnaudotkl@google.co.jp,Male,25.252.195.52
743,Lezlie,Ravenscroft,lravenscroftkm@vk.com,Female,185.210.214.56
744,Tabatha,Ranken,trankenkn@slashdot.org,Female,183.133.204.154
745,Stearn,Siene,ssieneko@ft.com,Male,147.62.104.119
746,Linnet,Ashfold,lashfoldkp@dropbox.com,Female,138.252.19.133
747,Lorrie,Guppy,lguppykq@diigo.com,Female,98.0.185.53
748,Sileas,Davidov,sdavidovkr@earthlink.net,Female,107.234.51.189
749,Ragnar,Jolland,rjollandks@pbs.org,Male,18.28.134.118
750,Jaclyn,May,jmaykt@washingtonpost.com,Female,81.185.27.28
751,Saxe,Oneil,soneilku@hugedomains.com,Male,210.95.24.109
752,Bartolemo,Wyles,bwyleskv@mayoclinic.com,Male,90.219.4.170
753,Lind,Gregorowicz,lgregorowiczkw@exblog.jp,Male,177.1.81.117
754,Doretta,Bloodworth,dbloodworthkx@ca.gov,Female,36.2.175.31
755,Alleyn,Aujean,aaujeanky@harvard.edu,Male,61.245.62.61
756,Juditha,Anfossi,janfossikz@purevolume.com,Female,12.3.146.77
757,Parke,Bosquet,pbosquetl0@businessweek.com,Male,71.201.54.89
758,Virginie,Perks,vperksl1@google.com.hk,Female,109.78.187.217
759,Windham,Dittson,wdittsonl2@nasa.gov,Male,178.224.63.215
760,Miguel,Oppery,mopperyl3@rambler.ru,Male,58.115.153.179
761,Sharlene,Huncoot,shuncootl4@home.pl,Female,209.21.170.48
762,Shelby,Roscow,sroscowl5@army.mil,Female,169.130.178.148
763,Augustina,Kohlerman,akohlermanl6@stumbleupon.com,Female,195.191.186.53
764,Marcus,Cockney,mcockneyl7@purevolume.com,Male,173.52.12.7
765,Stearne,Byfield,sbyfieldl8@wikimedia.org,Male,116.62.80.43
766,Cecil,Padmore,cpadmorel9@netlog.com,Female,162.40.105.16
767,Aldric,Riddoch,ariddochla@opera.com,Male,178.238.197.102
768,Alyosha,Rolland,arollandlb@taobao.com,Male,99.98.215.41
769,Tessi,Gilderoy,tgilderoylc@desdev.cn,Female,77.123.49.160
770,Etta,Ledner,elednerld@github.com,Female,233.152.25.138
771,Garwin,Cavee,gcaveele@nydailynews.com,Male,84.235.185.76
772,Lise,Bellis,lbellislf@chicagotribune.com,Female,182.57.202.166
773,Ava,Bucktharp,abucktharplg@jiathis.com,Female,21.101.48.8
774,Nissy,Mathey,nmatheylh@epa.gov,Female,116.177.86.16
775,Lezley,Neary,lnearyli@skype.com,Male,197.92.20.211
776,Terrijo,Ricardon,tricardonlj@freewebs.com,Female,93.119.230.119
777,Patin,McQuin,pmcquinlk@nba.com,Male,255.246.162.64
778,Quent,Rowlett,qrowlettll@hhs.gov,Male,55.60.123.121
779,Eldin,Sempill,esempilllm@biglobe.ne.jp,Male,44.178.87.40
780,Lucila,Mixworthy,lmixworthyln@usgs.gov,Female,213.142.16.203
781,Payton,Caird,pcairdlo@ustream.tv,Male,203.46.44.53
782,Rad,Bumphrey,rbumphreylp@thetimes.co.uk,Male,62.209.25.132
783,Dasie,Sabatini,dsabatinilq@arstechnica.com,Female,246.207.154.46
784,Walt,Lavens,wlavenslr@last.fm,Male,178.20.102.168
785,Aylmer,Thew,athewls@weebly.com,Male,137.82.93.40
786,Sandie,Shilito,sshilitolt@exblog.jp,Female,5.64.175.248
787,Zita,Hathwood,zhathwoodlu@businesswire.com,Female,112.7.131.152
788,Lucas,Fanner,lfannerlv@yellowpages.com,Male,229.11.22.221
789,Cyndy,Calvard,ccalvardlw@lulu.com,Female,20.103.134.252
790,Thorsten,Vinau,tvinaulx@theglobeandmail.com,Male,239.181.29.240
791,Kaitlynn,Delos,kdelosly@bloglovin.com,Female,94.107.189.225
792,Codie,Mallebone,cmallebonelz@altervista.org,Male,37.227.218.48
793,Elka,Slimmon,eslimmonm0@chicagotribune.com,Female,215.73.8.211
794,Nicolas,Beade,nbeadem1@phpbb.com,Male,238.51.38.31
795,Willem,Cornau,wcornaum2@wiley.com,Male,213.14.199.13
796,Tracie,Sancto,tsanctom3@msu.edu,Male,6.87.53.126
797,Sean,Giovannardi,sgiovannardim4@google.co.jp,Female,123.40.21.162
798,Thorsten,Tant,ttantm5@cisco.com,Male,232.6.25.180
799,Thaddus,Willshaw,twillshawm6@spotify.com,Male,158.249.207.8
800,Gun,Newcom,gnewcomm7@infoseek.co.jp,Male,116.39.26.18
801,Abbie,Shackel,ashackelm8@qq.com,Male,126.111.234.7
802,Diena,Ennever,denneverm9@tmall.com,Female,93.186.78.162
803,Mollee,Alyoshin,malyoshinma@zimbio.com,Female,116.88.138.167
804,Gearalt,Deniseau,gdeniseaumb@wufoo.com,Male,131.119.200.41
805,Gavan,Cupitt,gcupittmc@fda.gov,Male,101.116.34.230
806,Maureene,Chilver,mchilvermd@people.com.cn,Female,91.40.211.230
807,Dominic,Baxster,dbaxsterme@over-blog.com,Male,238.182.100.194
808,Brittni,Budcock,bbudcockmf@seesaa.net,Female,136.241.188.81
809,Moselle,Bayldon,mbayldonmg@independent.co.uk,Female,99.90.88.115
810,Lay,Sorton,lsortonmh@cornell.edu,Male,168.253.67.98
811,Fransisco,Andreasson,fandreassonmi@deviantart.com,Male,89.3.160.73
812,Bari,Cescot,bcescotmj@nationalgeographic.com,Female,132.204.222.247
813,Connie,Ellice,cellicemk@illinois.edu,Female,114.227.247.48
814,Heinrik,Albany,halbanyml@livejournal.com,Male,63.218.13.88
815,Elsey,Gilcrist,egilcristmm@tamu.edu,Female,141.238.127.181
816,Dode,Ardron,dardronmn@shareasale.com,Female,197.95.204.163
817,Broderick,Garvan,bgarvanmo@ezinearticles.com,Male,108.100.81.227
818,Tamara,Applewhaite,tapplewhaitemp@weibo.com,Female,110.162.60.188
819,Gratia,Grishanov,ggrishanovmq@bbb.org,Female,67.121.112.82
820,Tarrah,Du Plantier,tduplantiermr@arizona.edu,Female,77.123.154.104
821,Orville,Harrinson,oharrinsonms@indiatimes.com,Male,138.131.93.143
822,My,Moriarty,mmoriartymt@cloudflare.com,Male,254.37.187.190
823,Rabi,Rikard,rrikardmu@nsw.gov.au,Male,31.116.45.91
824,Kimberly,Thomason,kthomasonmv@domainmarket.com,Female,149.194.26.146
825,Lonnard,Oldale,loldalemw@vistaprint.com,Male,181.117.131.93
826,Mina,Balcon,mbalconmx@toplist.cz,Female,215.148.1.205
827,Rolando,Kermon,rkermonmy@berkeley.edu,Male,254.5.235.140
828,Aurel,Blackater,ablackatermz@biglobe.ne.jp,Female,62.230.57.81
829,Winfield,Ughini,wughinin0@instagram.com,Male,208.161.82.247
830,Neddie,Grendon,ngrendonn1@vimeo.com,Male,202.193.55.99
831,Mellisa,Ruggieri,mruggierin2@vinaora.com,Female,61.93.112.185
832,Miquela,Huge,mhugen3@seattletimes.com,Female,25.156.28.193
833,Karna,Vivers,kviversn4@businessinsider.com,Female,196.77.156.98
834,Joannes,Maes,jmaesn5@comsenz.com,Female,14.176.201.1
835,Marnia,Bazek,mbazekn6@jiathis.com,Female,25.206.10.180
836,Mariann,Melson,mmelsonn7@businessinsider.com,Female,129.44.142.70
837,Stearn,Hadleigh,shadleighn8@go.com,Male,24.125.172.86
838,Gerda,Karchowski,gkarchowskin9@unicef.org,Female,31.182.176.246
839,Tommie,McGuffog,tmcguffogna@devhub.com,Male,222.245.53.33
840,Lyon,Sanham,lsanhamnb@ebay.com,Male,77.12.12.124
841,Yard,Lemmertz,ylemmertznc@google.co.uk,Male,186.11.147.117
842,Silvan,Ranscome,sranscomend@dion.ne.jp,Male,31.210.75.155
843,Malachi,Biermatowicz,mbiermatowiczne@dedecms.com,Male,207.40.82.239
844,Issi,Shiel,ishielnf@cnet.com,Female,136.24.18.93
845,Andrey,Whapple,awhappleng@example.com,Male,172.157.230.145
846,Phelia,Wiltshire,pwiltshirenh@google.nl,Female,42.14.212.229
847,Thebault,McSporon,tmcsporonni@webnode.com,Male,250.39.114.84
848,Merline,Laite,mlaitenj@irs.gov,Female,102.30.39.115
849,Cirstoforo,Oosthout de Vree,coosthoutdevreenk@reuters.com,Male,3.103.30.107
850,Tarrance,Elcum,telcumnl@usda.gov,Male,156.60.252.250
851,Ludvig,Collet,lcolletnm@wikimedia.org,Male,77.96.38.210
852,Etan,Shadwick,eshadwicknn@parallels.com,Male,28.242.55.220
853,Rubie,Searchfield,rsearchfieldno@whitehouse.gov,Female,177.220.188.187
854,Elene,Forrestill,eforrestillnp@hostgator.com,Female,163.159.91.4
855,Franny,Brentnall,fbrentnallnq@slideshare.net,Female,7.223.87.101
856,Claudius,Gomer,cgomernr@webnode.com,Male,19.139.115.44
857,Charmane,Truwert,ctruwertns@blogs.com,Female,236.165.91.70
858,Marius,Dumper,mdumpernt@mediafire.com,Male,114.6.233.48
859,Row,Lucius,rluciusnu@ycombinator.com,Female,23.13.129.39
860,Graeme,Tebbut,gtebbutnv@answers.com,Male,214.223.77.135
861,Ingamar,Fewell,ifewellnw@omniture.com,Male,52.118.138.91
862,Melessa,Raccio,mraccionx@hud.gov,Female,158.205.39.40
863,Candace,Carthew,ccarthewny@patch.com,Female,186.82.243.228
864,Faina,Vereker,fverekernz@bandcamp.com,Female,142.245.140.178
865,Shay,Nightingale,snightingaleo0@pagesperso-orange.fr,Male,198.173.230.177
866,Dom,Demageard,ddemageardo1@purevolume.com,Male,121.70.58.32
867,Huberto,Fleetwood,hfleetwoodo2@friendfeed.com,Male,69.18.53.19
868,Casar,Grinnikov,cgrinnikovo3@princeton.edu,Male,171.151.89.157
869,Liam,Clissett,lclissetto4@elegantthemes.com,Male,41.91.108.58
870,Burnaby,Rockliffe,brockliffeo5@netscape.com,Male,143.147.124.159
871,Darrick,Leech,dleecho6@themeforest.net,Male,247.107.254.185
872,Leia,Whitnall,lwhitnallo7@bing.com,Female,158.41.165.156
873,Quinlan,Vanne,qvanneo8@abc.net.au,Male,11.113.2.254
874,Brose,Leslie,bleslieo9@pinterest.com,Male,179.162.89.255
875,Benoit,Dreakin,bdreakinoa@unesco.org,Male,164.179.137.80
876,Kari,Genn,kgennob@hibu.com,Female,18.149.39.108
877,Halli,Fortescue,hfortescueoc@telegraph.co.uk,Female,14.112.135.233
878,Sayer,Casali,scasaliod@auda.org.au,Male,110.151.160.138
879,Frankie,Fentem,ffentemoe@arizona.edu,Female,250.183.38.156
880,Jimmie,Tinston,jtinstonof@macromedia.com,Male,189.205.201.70
881,Jamill,Saltern,jsalternog@epa.gov,Male,156.180.135.2
882,Carmon,Grichukhanov,cgrichukhanovoh@slideshare.net,Female,22.93.254.155
883,Matti,Musgrave,mmusgraveoi@usnews.com,Female,30.130.12.116
884,Hattie,Aartsen,haartsenoj@netscape.com,Female,166.91.220.138
885,Goldarina,Arne,garneok@google.it,Female,63.120.139.192
886,Grannie,Bossingham,gbossinghamol@wsj.com,Male,153.142.250.213
887,Hurleigh,Scripps,hscrippsom@europa.eu,Male,66.53.192.95
888,Stanley,Leggin,slegginon@jiathis.com,Male,125.42.35.48
889,Boony,Harbottle,bharbottleoo@so-net.ne.jp,Male,41.27.198.130
890,Rickie,Haitlie,rhaitlieop@wordpress.org,Female,13.121.66.16
891,Elnore,Cornes,ecornesoq@dailymail.co.uk,Female,112.220.104.95
892,Lucretia,Whitehurst,lwhitehurstor@virginia.edu,Female,173.245.240.26
893,Stacey,Jewers,sjewersos@woothemes.com,Female,159.66.243.47
894,Midge,Benech,mbenechot@miitbeian.gov.cn,Female,78.226.35.156
895,Corabel,Pawley,cpawleyou@gnu.org,Female,73.214.72.177
896,Caz,Wheowall,cwheowallov@marriott.com,Male,181.181.56.29
897,Irita,Jakubiak,ijakubiakow@taobao.com,Female,146.5.202.2
898,Pinchas,Dinsmore,pdinsmoreox@bloglines.com,Male,201.157.4.65
899,Dru,Gell,dgelloy@whitehouse.gov,Male,126.165.61.171
900,Etan,Dunridge,edunridgeoz@netlog.com,Male,230.226.98.37
901,Denice,Creavin,dcreavinp0@boston.com,Female,229.15.54.249
902,Fabio,Pledge,fpledgep1@ed.gov,Male,45.66.90.73
903,Cass,Jahnel,cjahnelp2@exblog.jp,Female,109.132.16.120
904,Olympie,Murdy,omurdyp3@mtv.com,Female,43.199.161.115
905,Alexei,Pawley,apawleyp4@paginegialle.it,Male,87.40.190.137
906,Phelia,Wasylkiewicz,pwasylkiewiczp5@wunderground.com,Female,236.135.229.206
907,Konstance,Birtle,kbirtlep6@ftc.gov,Female,99.145.253.83
908,Karyl,Massen,kmassenp7@moonfruit.com,Female,193.176.141.148
909,Prinz,Siely,psielyp8@blogtalkradio.com,Male,69.86.249.251
910,Carolus,Cruces,ccrucesp9@networkadvertising.org,Male,85.152.158.225
911,Prent,Twopenny,ptwopennypa@reverbnation.com,Male,45.184.115.220
912,Ken,Fairs,kfairspb@lulu.com,Male,199.10.222.213
913,Osbert,Postin,opostinpc@microsoft.com,Male,208.24.176.33
914,Lorne,Wilding,lwildingpd@amazonaws.com,Male,167.76.142.221
915,Bev,Lescop,blescoppe@unblog.fr,Male,21.82.251.60
916,Cacilie,Kent,ckentpf@blog.com,Female,153.223.176.200
917,Jamey,Peter,jpeterpg@ucoz.ru,Male,204.23.107.237
918,Brion,Churchlow,bchurchlowph@sfgate.com,Male,162.15.23.4
919,Graig,Bauld,gbauldpi@tiny.cc,Male,113.54.119.62
920,Melita,Laughren,mlaughrenpj@msu.edu,Female,13.119.253.140
921,Paxton,Kings,pkingspk@bigcartel.com,Male,159.178.87.116
922,Georgeanna,Zupa,gzupapl@prnewswire.com,Female,222.200.51.75
923,Zonda,Wombwell,zwombwellpm@symantec.com,Female,49.191.110.127
924,Nate,MacKniely,nmacknielypn@vinaora.com,Male,30.151.51.11
925,Bari,Eastgate,beastgatepo@dailymail.co.uk,Female,228.98.52.252
926,Mycah,Ferraraccio,mferraracciopp@ed.gov,Male,20.40.2.95
927,Mal,Nicholls,mnichollspq@nydailynews.com,Male,147.254.56.153
928,Artair,Parham,aparhampr@geocities.com,Male,47.110.9.144
929,Karoline,Ackland,kacklandps@icq.com,Female,36.90.41.237
930,Etheline,O'Shields,eoshieldspt@vk.com,Female,79.162.245.131
931,Anitra,Trethewey,atretheweypu@hubpages.com,Female,210.73.172.78
932,Marcel,Beek,mbeekpv@imdb.com,Male,111.124.217.46
933,Addia,Darville,adarvillepw@exblog.jp,Female,172.209.92.169
934,Alfons,Cromly,acromlypx@microsoft.com,Male,106.44.92.17
935,Julianna,Devereux,jdevereuxpy@newyorker.com,Female,69.132.66.19
936,Garrik,McCulloch,gmccullochpz@blinklist.com,Male,91.27.116.38
937,Milena,Pengilley,mpengilleyq0@mlb.com,Female,205.254.55.135
938,Hobey,Hazzard,hhazzardq1@thetimes.co.uk,Male,184.137.195.169
939,Gwendolyn,Fanshawe,gfanshaweq2@symantec.com,Female,27.179.249.58
940,Diane-marie,Cheese,dcheeseq3@ning.com,Female,207.53.116.119
941,Marigold,Gowing,mgowingq4@g.co,Female,205.247.52.252
942,Sebastiano,Messier,smessierq5@4shared.com,Male,18.72.89.40
943,Normand,Soame,nsoameq6@dion.ne.jp,Male,13.203.97.51
944,Odetta,Devinn,odevinnq7@ftc.gov,Female,172.60.6.206
945,Kingsley,Libbey,klibbeyq8@kickstarter.com,Male,221.197.190.208
946,Sibeal,Petry,spetryq9@webmd.com,Female,89.74.181.198
947,Rice,Constantine,rconstantineqa@google.com,Male,153.149.97.65
948,Karlan,Schuler,kschulerqb@t-online.de,Male,92.230.21.147
949,Ginevra,Androlli,gandrolliqc@tumblr.com,Female,124.223.48.254
950,Rebeca,Blamey,rblameyqd@exblog.jp,Female,113.119.62.210
951,Daisi,Bayston,dbaystonqe@posterous.com,Female,89.1.157.149
952,Dell,Snassell,dsnassellqf@yahoo.com,Female,151.217.93.215
953,Mirabelle,Fillimore,mfillimoreqg@google.com.hk,Female,117.152.232.174
954,Giulio,Kinsey,gkinseyqh@example.com,Male,182.20.66.231
955,Raoul,Ledeker,rledekerqi@yelp.com,Male,70.189.72.101
956,Carlee,Dunklee,cdunkleeqj@eventbrite.com,Female,116.7.205.35
957,Dasha,Ravens,dravensqk@mayoclinic.com,Female,175.182.34.230
958,Anetta,Gawler,agawlerql@forbes.com,Female,174.202.188.133
959,Lezley,Gregorio,lgregorioqm@vimeo.com,Male,131.80.73.42
960,Hyacinth,Kahen,hkahenqn@washington.edu,Female,120.142.166.145
961,Ashlee,McIlveen,amcilveenqo@ustream.tv,Female,135.187.228.204
962,Annalee,Cotterrill,acotterrillqp@ocn.ne.jp,Female,108.6.76.19
963,Ilysa,Dwelley,idwelleyqq@naver.com,Female,23.192.171.190
964,Patti,Willas,pwillasqr@seattletimes.com,Female,71.177.11.44
965,Katinka,Masding,kmasdingqs@123-reg.co.uk,Female,141.57.187.8
966,Marsha,Laise,mlaiseqt@yandex.ru,Female,165.241.191.2
967,Sorcha,Gruczka,sgruczkaqu@bloglines.com,Female,212.50.67.40
968,Web,Featley,wfeatleyqv@booking.com,Male,212.250.221.43
969,Misty,Trustey,mtrusteyqw@reddit.com,Female,190.244.141.59
970,Gretal,Scollard,gscollardqx@shinystat.com,Female,207.46.36.221
971,Bridgette,Heims,bheimsqy@tamu.edu,Female,157.247.75.127
972,Stanislas,Pashby,spashbyqz@symantec.com,Male,12.202.132.94
973,Yale,Caygill,ycaygillr0@pagesperso-orange.fr,Male,95.2.82.95
974,Mose,Lambregts,mlambregtsr1@homestead.com,Male,89.192.109.73
975,Wilt,Yerill,wyerillr2@twitpic.com,Male,210.119.51.2
976,Mag,Guitte,mguitter3@bloglines.com,Female,200.195.103.33
977,Barbabra,Lowthian,blowthianr4@marketwatch.com,Female,21.96.82.198
978,Philomena,Fassum,pfassumr5@cnn.com,Female,253.152.222.37
979,Melania,Michiel,mmichielr6@independent.co.uk,Female,53.120.181.42
980,Jerome,Portingale,jportingaler7@slashdot.org,Male,60.50.75.81
981,Dorothee,Bascombe,dbascomber8@miitbeian.gov.cn,Female,219.231.120.231
982,Loydie,Blanko,lblankor9@fema.gov,Male,159.243.173.53
983,Tisha,Pottinger,tpottingerra@blogtalkradio.com,Female,106.106.174.132
984,Rebeka,Ranscomb,rranscombrb@usgs.gov,Female,140.153.50.244
985,Eudora,Barlthrop,ebarlthroprc@trellian.com,Female,228.93.176.76
986,Gregor,Papa,gpapard@si.edu,Male,4.84.53.72
987,Miguelita,Rubinlicht,mrubinlichtre@ca.gov,Female,108.213.76.209
988,Shaw,Vazquez,svazquezrf@fotki.com,Male,67.33.204.233
989,Gian,Kettley,gkettleyrg@nytimes.com,Male,22.35.76.225
990,Godart,Lambert,glambertrh@printfriendly.com,Male,32.147.208.168
991,Lisha,Denington,ldeningtonri@edublogs.org,Female,63.37.245.101
992,Roslyn,Zeplin,rzeplinrj@vk.com,Female,142.201.45.9
993,Maryellen,Chaloner,mchalonerrk@amazon.de,Female,172.169.19.193
994,Priscella,Ebsworth,pebsworthrl@gravatar.com,Female,122.143.193.152
995,Reinaldos,Wickwar,rwickwarrm@tamu.edu,Male,169.108.238.27
996,Barbey,Fosdike,bfosdikern@123-reg.co.uk,Female,91.241.104.114
997,Vivienne,Honack,vhonackro@simplemachines.org,Female,184.18.44.221
998,Jenda,MacGow,jmacgowrp@bloomberg.com,Female,244.61.58.231
999,Flossie,Tilio,ftiliorq@accuweather.com,Female,253.240.253.70
1000,Rollie,Yelland,ryellandrr@ihg.com,Male,51.21.182.68
